SYS_DT,SYS_TM,CREDIT_CARD_NUM,TRAN_LOCAL_DT,TRAN_LOCAL_TM,CREDIT_CARD_ORG_ID,PROD_NAME,TRAN_MRCH_TYPE,TRAN_MRCH_ID,TRAN_MRCH_NAME,TRAN_TYPE,CREDIT_BAL_VAL,TRAN_SYSTM_ACT_VAL,TRAN_FINAL_ACT_VAL,TRAN_REQUST_TYP_ID,TRAN_ACTION_DESC,TRAN_AMT,TRAN_DCML_NUM,TRAN_BILL_AMT,TRAN_BILL_CDE,ORG_CURR_DCML_NUM,TRAN_CRNCY_CDE,TRAN_ACTN_LNG_DESC,TRAN_ACTION_CDE,TRAN_POS_DATA_VAL,TRAN_POS_COND_CDE,CREDIT_LIMIT_AMT,ITRAN_CAT_CDE,TRAN_POS_ENT_CDE,ITRAN_TUN_REQ_ID,TRAN_TKN_MSG,TRAN_SUB_DATA,CREDIT_ACC_NUM,CREDIT_CRD_ID,TRAN_PROC_CODE
11/05/2020,19.23.11,4590000000000000,11/05/2020,19.23.11,400,GOLD CREDIT CARD,5145,CARD ACCEPTOR,ACQUIRER NAME,300,51000,A,A,A,APPROVED,500,2,0,826,2,826,APPROVED,0,,59,60000,,90006000500,,,,4.59E+15,1,0
11/05/2020,19.23.11,4510000000000000,11/05/2020,19.23.11,400,MASTER,5145,CARD ACCEPTOR,ACQUIRER NAME,350,55000,A,A,A,APPROVED,500,2,0,826,2,826,APPROVED,0,,59,75000,,90006000500,,,,4.51E+15,1,0
5-27-2020,15.42.56,4510000000000000,5-27-2020,15.42.56,100,VISA,5999,CARD ACCEPTOR,SBI DUMMY STORE,510,0,D,D,A,CARD INACT,1700,2,0,826,2,826,CARD NOT ACTIVATED,70,,0,0,,50000100000,,,,4.51E+15,1,0
5-27-2020,15.42.56,4510000000000000,5-27-2020,15.42.56,0,MASTER,5999,CARD ACCEPTOR,ACQUIRER NAME,510,0,D,D,A,CARD INACT,1700,2,0,826,2,826,CARD NOT ACTIVATED,70,,0,0,,50000100000,,,,4.51E+15,1,0
5-27-2020,15.12.57,4510000000000000,5-27-2020,15.12.57,400,RUPAY,5045,Other Marketing,ACQUIRER NAME,100,148300,A,A,A,APPROVED,1700,2,0,826,2,826,APPROVED,0,,59,150000,,90008000700,,,,4.51E+15,2,0
11/05/2020,19.23.11,4590000000000000,11/05/2020,19.23.11,400,MASTER,5145,CARD ACCEPTOR,ACQUIRER NAME,300,51000,A,A,A,APPROVED,500,2,0,826,2,826,APPROVED,0,,59,60000,,90006000500,,,,4.59E+15,1,0
11/05/2020,19.23.11,4510000000000000,11/05/2020,19.23.11,900,CREDIT  CARD,5145,CARD ACCEPTOR,ACQUIRER NAME,350,55000,A,A,A,DICINED ,500,2,0,826,2,826,APPROVED,0,,59,75000,,90006000500,,,,4.51E+15,1,0
5-27-2020,15.42.56,4510000000000000,5-27-2020,15.42.56,100,VISA,5999,CARD ACCEPTOR,ACQUIRER NAME,510,0,D,D,A,CARD INACT,1700,2,0,826,2,826,CARD NOT ACTIVATED,70,,0,0,,50000100000,,,,4.51E+15,1,0
5-27-2020,15.42.56,4510000000000000,5-27-2020,15.42.56,400,MASTER,5999,CARD ACCEPTOR,ACQUIRER NAME,510,0,D,D,A,CARD INACT,1700,2,0,826,2,826,CARD NOT ACTIVATED,70,,0,0,,50000100000,,,,4.51E+15,1,0
5-27-2020,15.12.57,4510000000000000,5-27-2020,15.12.57,400,GOLD CREDIT CARD,5045,CARD ACCEPTOR,ACQUIRER NAME,100,148300,A,A,A,APPROVED,1700,2,0,826,2,826,APPROVED,0,,59,150000,,90008000700,,,,4.51E+15,2,0
11/05/2020,19.23.11,4590000000000000,11/05/2020,19.23.11,400,MASTER,5145,Other Marketing,ACQUIRER NAME,300,51000,A,A,A,APPROVED,500,2,0,826,2,826,APPROVED,0,,59,60000,,90006000500,,,,4.59E+15,1,0
11/05/2020,19.23.11,4510000000000000,11/05/2020,19.23.11,400,MASTER,5145,CARD ACCEPTOR,ACQUIRER NAME,350,55000,A,A,A,APPROVED,500,2,0,826,2,826,APPROVED,0,,59,75000,,90006000500,,,,4.51E+15,1,0
5-27-2020,15.42.56,4510000000000000,5-27-2020,15.42.56,0,VISA,5999,CARD ACCEPTOR,ACQUIRER NAME,510,0,D,D,A,CARD INACT,1700,2,0,826,2,826,CARD NOT ACTIVATED,70,,0,0,,50000100000,,,,4.51E+15,1,0
5-27-2020,15.42.56,4510000000000000,5-27-2020,15.42.56,0,MASTER,5999,CARD ACCEPTOR,ACQUIRER NAME,510,0,D,D,A,CARD INACT,1700,2,0,826,2,826,CARD NOT ACTIVATED,70,,0,0,,50000100000,,,,4.51E+15,1,0
5-27-2020,15.12.57,4510000000000000,5-27-2020,15.12.57,400,Rupay,5045,CARD ACCEPTOR,ACQUIRER NAME,100,148300,A,A,A,APPROVED,1700,2,0,826,2,826,APPROVED,0,,59,150000,,90008000700,,,,4.51E+15,1,0
11/05/2020,19.23.11,4590000000000000,11/05/2020,19.23.11,400,MASTER,5145,Other Marketing,ACQUIRER NAME,300,51000,A,A,A,APPROVED,500,2,0,826,2,826,APPROVED,0,,59,60000,,90006000500,,,,4.59E+15,1,0
11/05/2020,19.23.11,45100000000000000,11/05/2020,19.23.11,400,MASTER,5145,CARD ACCEPTOR,ACQUIRER NAME,350,55000,A,A,A,APPROVED,500,2,0,826,2,826,APPROVED,0,,59,75000,,90006000500,,,,4.51E+15,1,0
5-27-2020,15.42.56,4510000000000000,5-27-2020,15.42.56,100,VISA,5999,CARD ACCEPTOR,ACQUIRER NAME,510,0,D,D,A,CARD INACT,1700,2,0,826,2,826,CARD NOT ACTIVATED,70,,0,0,,50000100000,,,,4.51E+15,1,0
5-27-2020,15.42.56,4510000000000000,5-27-2020,15.42.56,0,MASTER,5999,CARD ACCEPTOR,ACQUIRER NAME,510,0,D,D,A,CARD INACT,1700,2,0,826,2,826,CARD NOT ACTIVATED,70,,0,0,,50000100000,,,,4.51E+15,1,0
5-27-2020,15.12.57,4510000000000000,5-27-2020,15.12.57,400,GOLD CREDIT CARD,5045,CARD ACCEPTOR,ACQUIRER NAME,100,148300,A,A,A,APPROVED,1700,2,0,826,2,826,APPROVED,0,,59,150000,,90008000700,,,,4.51E+15,1,0
11/05/2020,19.23.11,4590000000000000,11/05/2020,19.23.11,400,MASTER,5145,CARD ACCEPTOR,ACQUIRER NAME,300,51000,A,A,A,APPROVED,500,2,0,826,2,826,APPROVED,0,,59,60000,,90006000500,,,,4.59E+15,1,0
11/05/2020,19.23.11,4510000000000000,11/05/2020,19.23.11,400,MASTER,5145,CARD ACCEPTOR,ACQUIRER NAME,350,55000,A,A,A,APPROVED,500,2,0,826,2,826,APPROVED,0,,59,75000,,90006000500,,,,4.51E+15,1,0
5-27-2020,15.42.56,4510000000000000,5-27-2020,15.42.56,100,VISA,5999,CARD ACCEPTOR,ACQUIRER NAME,510,0,D,D,A,CARD INACT,1700,2,0,826,2,826,CARD NOT ACTIVATED,70,,0,0,,50000100000,,,,4.51E+15,1,0
5-27-2020,15.42.56,4510000000000000,5-27-2020,15.42.56,0,MASTER,5999,CARD ACCEPTOR,ACQUIRER NAME,510,0,D,D,A,CARD INACT,1700,2,0,826,2,826,CARD NOT ACTIVATED,70,,0,0,,50000100000,,,,4.51E+15,1,0
5-27-2020,15.12.57,4510000000000000,5-27-2020,15.12.57,400,GOLD CREDIT CARD,5045,CARD ACCEPTOR,ACQUIRER NAME,100,148300,A,A,A,APPROVED,1700,2,0,826,2,826,APPROVED,0,,59,150000,,90008000700,,,,4.51E+15,1,0
11/05/2020,19.23.11,4590000000000000,11/05/2020,19.23.11,400,MASTER,5145,CARD ACCEPTOR,ACQUIRER NAME,300,51000,A,A,A,APPROVED,500,2,0,826,2,826,APPROVED,0,,59,60000,,90006000500,,,,4.59E+15,1,0
11/05/2020,19.23.11,4510000000000000,11/05/2020,19.23.11,400,MASTER,5145,CARD ACCEPTOR,ACQUIRER NAME,350,55000,A,A,A,APPROVED,500,2,0,826,2,826,APPROVED,0,,59,75000,,90006000500,,,,4.51E+15,1,0
5-27-2020,15.42.56,4510000000000000,5-27-2020,15.42.56,0,VISA,5999,CARD ACCEPTOR,ACQUIRER NAME,510,0,D,D,A,CARD INACT,1700,2,0,826,2,826,CARD NOT ACTIVATED,70,,0,0,,50000100000,,,,4.51E+15,1,0
5-27-2020,15.42.56,4510000000000000,5-27-2020,15.42.56,0,MASTER,5999,CARD ACCEPTOR,ACQUIRER NAME,510,0,D,D,A,CARD INACT,1700,2,0,826,2,826,CARD NOT ACTIVATED,70,,0,0,,50000100000,,,,4.51E+15,1,0
5-27-2020,15.12.57,4510000000000000,5-27-2020,15.12.57,400,GOLD CREDIT CARD,5045,CARD ACCEPTOR,ACQUIRER NAME,100,148300,A,A,A,APPROVED,1700,2,0,826,2,826,APPROVED,0,,59,150000,,90008000700,,,,4.51E+15,1,0
11/05/2020,19.23.11,4590000000000000,11/05/2020,19.23.11,400,GOLD CREDIT CARD,5145,CARD ACCEPTOR,ACQUIRER NAME,300,51000,A,A,A,APPROVED,500,2,0,826,2,826,APPROVED,0,,59,60000,,90006000500,,,,4.59E+15,1,0
11/05/2020,19.23.11,4510000000000000,11/05/2020,19.23.11,400,MASTER,5145,CARD ACCEPTOR,ACQUIRER NAME,350,55000,A,A,A,APPROVED,500,2,0,826,2,826,APPROVED,0,,59,75000,,90006000500,,,,4.51E+15,1,0
5-27-2020,15.42.56,4510000000000000,5-27-2020,15.42.56,100,VISA,5999,CARD ACCEPTOR,SBI DUMMY STORE,510,0,D,D,A,CARD INACT,1700,2,0,826,2,826,CARD NOT ACTIVATED,70,,0,0,,50000100000,,,,4.51E+15,1,0
5-27-2020,15.42.56,4510000000000000,5-27-2020,15.42.56,0,MASTER,5999,CARD ACCEPTOR,ACQUIRER NAME,510,0,D,D,A,CARD INACT,1700,2,0,826,2,826,CARD NOT ACTIVATED,70,,0,0,,50000100000,,,,4.51E+15,1,0
5-27-2020,15.12.57,4510000000000000,5-27-2020,15.12.57,400,RUPAY,5045,Other Marketing,ACQUIRER NAME,100,148300,A,A,A,APPROVED,1700,2,0,826,2,826,APPROVED,0,,59,150000,,90008000700,,,,4.51E+15,2,0
11/05/2020,19.23.11,4590000000000000,11/05/2020,19.23.11,400,MASTER,5145,CARD ACCEPTOR,ACQUIRER NAME,300,51000,A,A,A,APPROVED,500,2,0,826,2,826,APPROVED,0,,59,60000,,90006000500,,,,4.59E+15,1,0
11/05/2020,19.23.11,4510000000000000,11/05/2020,19.23.11,900,CREDIT  CARD,5145,CARD ACCEPTOR,ACQUIRER NAME,350,55000,A,A,A,DICINED ,500,2,0,826,2,826,APPROVED,0,,59,75000,,90006000500,,,,4.51E+15,1,0
5-27-2020,15.42.56,4510000000000000,5-27-2020,15.42.56,100,VISA,5999,CARD ACCEPTOR,ACQUIRER NAME,510,0,D,D,A,CARD INACT,1700,2,0,826,2,826,CARD NOT ACTIVATED,70,,0,0,,50000100000,,,,4.51E+15,1,0
5-27-2020,15.42.56,4510000000000000,5-27-2020,15.42.56,400,MASTER,5999,CARD ACCEPTOR,ACQUIRER NAME,510,0,D,D,A,CARD INACT,1700,2,0,826,2,826,CARD NOT ACTIVATED,70,,0,0,,50000100000,,,,4.51E+15,1,0
5-27-2020,15.12.57,4510000000000000,5-27-2020,15.12.57,400,GOLD CREDIT CARD,5045,CARD ACCEPTOR,ACQUIRER NAME,100,148300,A,A,A,APPROVED,1700,2,0,826,2,826,APPROVED,0,,59,150000,,90008000700,,,,4.51E+15,2,0
11/05/2020,19.23.11,4590000000000000,11/05/2020,19.23.11,400,MASTER,5145,Other Marketing,ACQUIRER NAME,300,51000,A,A,A,APPROVED,500,2,0,826,2,826,APPROVED,0,,59,60000,,90006000500,,,,4.59E+15,1,0
11/05/2020,19.23.11,4510000000000000,11/05/2020,19.23.11,400,MASTER,5145,CARD ACCEPTOR,ACQUIRER NAME,350,55000,A,A,A,APPROVED,500,2,0,826,2,826,APPROVED,0,,59,75000,,90006000500,,,,4.51E+15,1,0
5-27-2020,15.42.56,4510000000000000,5-27-2020,15.42.56,0,VISA,5999,CARD ACCEPTOR,ACQUIRER NAME,510,0,D,D,A,CARD INACT,1700,2,0,826,2,826,CARD NOT ACTIVATED,70,,0,0,,50000100000,,,,4.51E+15,1,0
5-27-2020,15.42.56,4510000000000000,5-27-2020,15.42.56,0,MASTER,5999,CARD ACCEPTOR,ACQUIRER NAME,510,0,D,D,A,CARD INACT,1700,2,0,826,2,826,CARD NOT ACTIVATED,70,,0,0,,50000100000,,,,4.51E+15,1,0
5-27-2020,15.12.57,4510000000000000,5-27-2020,15.12.57,400,Rupay,5045,CARD ACCEPTOR,ACQUIRER NAME,100,148300,A,A,A,APPROVED,1700,2,0,826,2,826,APPROVED,0,,59,150000,,90008000700,,,,4.51E+15,1,0
11/05/2020,19.23.11,4590000000000000,11/05/2020,19.23.11,400,MASTER,5145,Other Marketing,ACQUIRER NAME,300,51000,A,A,A,APPROVED,500,2,0,826,2,826,APPROVED,0,,59,60000,,90006000500,,,,4.59E+15,1,0
11/05/2020,19.23.11,4510000000000000,11/05/2020,19.23.11,400,MASTER,5145,CARD ACCEPTOR,ACQUIRER NAME,350,55000,A,A,A,APPROVED,500,2,0,826,2,826,APPROVED,0,,59,75000,,90006000500,,,,4.51E+15,1,0
5-27-2020,15.42.56,4510000000000000,5-27-2020,15.42.56,100,VISA,5999,CARD ACCEPTOR,ACQUIRER NAME,510,0,D,D,A,CARD INACT,1700,2,0,826,2,826,CARD NOT ACTIVATED,70,,0,0,,50000100000,,,,4.51E+15,1,0
5-27-2020,15.42.56,4510000000000000,5-27-2020,15.42.56,0,MASTER,5999,CARD ACCEPTOR,ACQUIRER NAME,510,0,D,D,A,CARD INACT,1700,2,0,826,2,826,CARD NOT ACTIVATED,70,,0,0,,50000100000,,,,4.51E+15,1,0
5-27-2020,15.12.57,4510000000000000,5-27-2020,15.12.57,400,GOLD CREDIT CARD,5045,CARD ACCEPTOR,ACQUIRER NAME,100,148300,A,A,A,APPROVED,1700,2,0,826,2,826,APPROVED,0,,59,150000,,90008000700,,,,4.51E+15,1,0
11/05/2020,19.23.11,4590000000000000,11/05/2020,19.23.11,400,MASTER,5145,CARD ACCEPTOR,ACQUIRER NAME,300,51000,A,A,A,APPROVED,500,2,0,826,2,826,APPROVED,0,,59,60000,,90006000500,,,,4.59E+15,1,0
11/05/2020,19.23.11,4510000000000000,11/05/2020,19.23.11,400,MASTER,5145,CARD ACCEPTOR,ACQUIRER NAME,350,55000,A,A,A,APPROVED,500,2,0,826,2,826,APPROVED,0,,59,75000,,90006000500,,,,4.51E+15,1,0
5-27-2020,15.42.56,4510000000000000,5-27-2020,15.42.56,100,VISA,5999,CARD ACCEPTOR,ACQUIRER NAME,510,0,D,D,A,CARD INACT,1700,2,0,826,2,826,CARD NOT ACTIVATED,70,,0,0,,50000100000,,,,4.51E+15,1,0
5-27-2020,15.42.56,4510000000000000,5-27-2020,15.42.56,0,MASTER,5999,CARD ACCEPTOR,ACQUIRER NAME,510,0,D,D,A,CARD INACT,1700,2,0,826,2,826,CARD NOT ACTIVATED,70,,0,0,,50000100000,,,,4.51E+15,1,0
5-27-2020,15.12.57,4510000000000000,5-27-2020,15.12.57,400,GOLD CREDIT CARD,5045,CARD ACCEPTOR,ACQUIRER NAME,100,148300,A,A,A,APPROVED,1700,2,0,826,2,826,APPROVED,0,,59,150000,,90008000700,,,,4.51E+15,1,0
11/05/2020,19.23.11,4590000000000000,11/05/2020,19.23.11,400,MASTER,5145,CARD ACCEPTOR,ACQUIRER NAME,300,51000,A,A,A,APPROVED,500,2,0,826,2,826,APPROVED,0,,59,60000,,90006000500,,,,4.59E+15,1,0
11/05/2020,19.23.11,4510000000000000,11/05/2020,19.23.11,400,MASTER,5145,CARD ACCEPTOR,ACQUIRER NAME,350,55000,A,A,A,APPROVED,500,2,0,826,2,826,APPROVED,0,,59,75000,,90006000500,,,,4.51E+15,1,0
5-27-2020,15.42.56,4510000000000000,5-27-2020,15.42.56,0,VISA,5999,CARD ACCEPTOR,ACQUIRER NAME,510,0,D,D,A,CARD INACT,1700,2,0,826,2,826,CARD NOT ACTIVATED,70,,0,0,,50000100000,,,,4.51E+15,1,0
5-27-2020,15.42.56,4510000000000000,5-27-2020,15.42.56,0,MASTER,5999,CARD ACCEPTOR,ACQUIRER NAME,510,0,D,D,A,CARD INACT,1700,2,0,826,2,826,CARD NOT ACTIVATED,70,,0,0,,50000100000,,,,4.51E+15,1,0
5-27-2020,15.12.57,4510000000000000,5-27-2020,15.12.57,400,GOLD CREDIT CARD,5045,CARD ACCEPTOR,ACQUIRER NAME,100,148300,A,A,A,APPROVED,1700,2,0,826,2,826,APPROVED,0,,59,150000,,90008000700,,,,4.51E+15,1,0
5-27-2020,15.12.57,4510000000000000,5-27-2020,15.12.57,400,GOLD CREDIT CARD,5045,CARD ACCEPTOR,ACQUIRER NAME,100,148300,A,A,A,APPROVED,1700,2,0,826,2,826,APPROVED,0,,59,150000,,90008000700,,,,4.51E+15,2,0
11/05/2020,19.23.11,4590000000000000,11/05/2020,19.23.11,400,MASTER,5145,Other Marketing,ACQUIRER NAME,300,51000,A,A,A,APPROVED,500,2,0,826,2,826,APPROVED,0,,59,60000,,90006000500,,,,4.59E+15,1,0
11/05/2020,19.23.11,4510000000000000,11/05/2020,19.23.11,400,MASTER,5145,CARD ACCEPTOR,ACQUIRER NAME,350,55000,A,A,A,APPROVED,500,2,0,826,2,826,APPROVED,0,,59,75000,,90006000500,,,,4.51E+15,1,0
5-27-2020,15.42.56,4510000000000000,5-27-2020,15.42.56,0,VISA,5999,CARD ACCEPTOR,ACQUIRER NAME,510,0,D,D,A,CARD INACT,1700,2,0,826,2,826,CARD NOT ACTIVATED,70,,0,0,,50000100000,,,,4.51E+15,1,0
5-27-2020,15.42.56,4510000000000000,5-27-2020,15.42.56,0,MASTER,5999,CARD ACCEPTOR,ACQUIRER NAME,510,0,D,D,A,CARD INACT,1700,2,0,826,2,826,CARD NOT ACTIVATED,70,,0,0,,50000100000,,,,4.51E+15,1,0
5-27-2020,15.12.57,4510000000000000,5-27-2020,15.12.57,400,Rupay,5045,CARD ACCEPTOR,ACQUIRER NAME,100,148300,A,A,A,APPROVED,1700,2,0,826,2,826,APPROVED,0,,59,150000,,90008000700,,,,4.51E+15,1,0
11/05/2020,19.23.11,4590000000000000,11/05/2020,19.23.11,400,MASTER,5145,Other Marketing,ACQUIRER NAME,300,51000,A,A,A,APPROVED,500,2,0,826,2,826,APPROVED,0,,59,60000,,90006000500,,,,4.59E+15,1,0
11/05/2020,19.23.11,45100000000000000,11/05/2020,19.23.11,400,MASTER,5145,CARD ACCEPTOR,ACQUIRER NAME,350,55000,A,A,A,APPROVED,500,2,0,826,2,826,APPROVED,0,,59,75000,,90006000500,,,,4.51E+15,1,0
5-27-2020,15.42.56,4510000000000000,5-27-2020,15.42.56,100,VISA,5999,CARD ACCEPTOR,ACQUIRER NAME,510,0,D,D,A,CARD INACT,1700,2,0,826,2,826,CARD NOT ACTIVATED,70,,0,0,,50000100000,,,,4.51E+15,1,0
5-27-2020,15.42.56,4510000000000000,5-27-2020,15.42.56,0,MASTER,5999,CARD ACCEPTOR,ACQUIRER NAME,510,0,D,D,A,CARD INACT,1700,2,0,826,2,826,CARD NOT ACTIVATED,70,,0,0,,50000100000,,,,4.51E+15,1,0
5-27-2020,15.12.57,4510000000000000,5-27-2020,15.12.57,400,GOLD CREDIT CARD,5045,CARD ACCEPTOR,ACQUIRER NAME,100,148300,A,A,A,APPROVED,1700,2,0,826,2,826,APPROVED,0,,59,150000,,90008000700,,,,4.51E+15,1,0
11/05/2020,19.23.11,4590000000000000,11/05/2020,19.23.11,400,MASTER,5145,CARD ACCEPTOR,ACQUIRER NAME,300,51000,A,A,A,APPROVED,500,2,0,826,2,826,APPROVED,0,,59,60000,,90006000500,,,,4.59E+15,1,0
11/05/2020,19.23.11,4510000000000000,11/05/2020,19.23.11,400,MASTER,5145,CARD ACCEPTOR,ACQUIRER NAME,350,55000,A,A,A,APPROVED,500,2,0,826,2,826,APPROVED,0,,59,75000,,90006000500,,,,4.51E+15,1,0
5-27-2020,15.42.56,4510000000000000,5-27-2020,15.42.56,100,VISA,5999,CARD ACCEPTOR,ACQUIRER NAME,510,0,D,D,A,CARD INACT,1700,2,0,826,2,826,CARD NOT ACTIVATED,70,,0,0,,50000100000,,,,4.51E+15,1,0
5-27-2020,15.42.56,4510000000000000,5-27-2020,15.42.56,0,MASTER,5999,CARD ACCEPTOR,ACQUIRER NAME,510,0,D,D,A,CARD INACT,1700,2,0,826,2,826,CARD NOT ACTIVATED,70,,0,0,,50000100000,,,,4.51E+15,1,0
5-27-2020,15.12.57,4510000000000000,5-27-2020,15.12.57,400,GOLD CREDIT CARD,5045,CARD ACCEPTOR,ACQUIRER NAME,100,148300,A,A,A,APPROVED,1700,2,0,826,2,826,APPROVED,0,,59,150000,,90008000700,,,,4.51E+15,1,0
11/05/2020,19.23.11,4590000000000000,11/05/2020,19.23.11,400,MASTER,5145,CARD ACCEPTOR,ACQUIRER NAME,300,51000,A,A,A,APPROVED,500,2,0,826,2,826,APPROVED,0,,59,60000,,90006000500,,,,4.59E+15,1,0
11/05/2020,19.23.11,4510000000000000,11/05/2020,19.23.11,400,MASTER,5145,CARD ACCEPTOR,ACQUIRER NAME,350,55000,A,A,A,APPROVED,500,2,0,826,2,826,APPROVED,0,,59,75000,,90006000500,,,,4.51E+15,1,0
5-27-2020,15.42.56,4510000000000000,5-27-2020,15.42.56,0,VISA,5999,CARD ACCEPTOR,ACQUIRER NAME,510,0,D,D,A,CARD INACT,1700,2,0,826,2,826,CARD NOT ACTIVATED,70,,0,0,,50000100000,,,,4.51E+15,1,0
5-27-2020,15.42.56,4510000000000000,5-27-2020,15.42.56,0,MASTER,5999,CARD ACCEPTOR,ACQUIRER NAME,510,0,D,D,A,CARD INACT,1700,2,0,826,2,826,CARD NOT ACTIVATED,70,,0,0,,50000100000,,,,4.51E+15,1,0
5-27-2020,15.12.57,4510000000000000,5-27-2020,15.12.57,400,GOLD CREDIT CARD,5045,CARD ACCEPTOR,ACQUIRER NAME,100,148300,A,A,A,APPROVED,1700,2,0,826,2,826,APPROVED,0,,59,150000,,90008000700,,,,4.51E+15,1,0
11/05/2020,19.23.11,4590000000000000,11/05/2020,19.23.11,400,GOLD CREDIT CARD,5145,CARD ACCEPTOR,ACQUIRER NAME,300,51000,A,A,A,APPROVED,500,2,0,826,2,826,APPROVED,0,,59,60000,,90006000500,,,,4.59E+15,1,0
11/05/2020,19.23.11,4510000000000000,11/05/2020,19.23.11,400,MASTER,5145,CARD ACCEPTOR,ACQUIRER NAME,350,55000,A,A,A,APPROVED,500,2,0,826,2,826,APPROVED,0,,59,75000,,90006000500,,,,4.51E+15,1,0
5-27-2020,15.42.56,4510000000000000,5-27-2020,15.42.56,100,VISA,5999,CARD ACCEPTOR,SBI DUMMY STORE,510,0,D,D,A,CARD INACT,1700,2,0,826,2,826,CARD NOT ACTIVATED,70,,0,0,,50000100000,,,,4.51E+15,1,0
5-27-2020,15.42.56,4510000000000000,5-27-2020,15.42.56,0,MASTER,5999,CARD ACCEPTOR,ACQUIRER NAME,510,0,D,D,A,CARD INACT,1700,2,0,826,2,826,CARD NOT ACTIVATED,70,,0,0,,50000100000,,,,4.51E+15,1,0
5-27-2020,15.12.57,4510000000000000,5-27-2020,15.12.57,400,RUPAY,5045,Other Marketing,ACQUIRER NAME,100,148300,A,A,A,APPROVED,1700,2,0,826,2,826,APPROVED,0,,59,150000,,90008000700,,,,4.51E+15,2,0
11/05/2020,19.23.11,4590000000000000,11/05/2020,19.23.11,400,MASTER,5145,CARD ACCEPTOR,ACQUIRER NAME,300,51000,A,A,A,APPROVED,500,2,0,826,2,826,APPROVED,0,,59,60000,,90006000500,,,,4.59E+15,1,0
11/05/2020,19.23.11,4510000000000000,11/05/2020,19.23.11,900,CREDIT  CARD,5145,CARD ACCEPTOR,ACQUIRER NAME,350,55000,A,A,A,DICINED ,500,2,0,826,2,826,APPROVED,0,,59,75000,,90006000500,,,,4.51E+15,1,0
5-27-2020,15.42.56,4510000000000000,5-27-2020,15.42.56,100,VISA,5999,CARD ACCEPTOR,ACQUIRER NAME,510,0,D,D,A,CARD INACT,1700,2,0,826,2,826,CARD NOT ACTIVATED,70,,0,0,,50000100000,,,,4.51E+15,1,0
5-27-2020,15.42.56,4510000000000000,5-27-2020,15.42.56,400,MASTER,5999,CARD ACCEPTOR,ACQUIRER NAME,510,0,D,D,A,CARD INACT,1700,2,0,826,2,826,CARD NOT ACTIVATED,70,,0,0,,50000100000,,,,4.51E+15,1,0
5-27-2020,15.12.57,4510000000000000,5-27-2020,15.12.57,400,GOLD CREDIT CARD,5045,CARD ACCEPTOR,ACQUIRER NAME,100,148300,A,A,A,APPROVED,1700,2,0,826,2,826,APPROVED,0,,59,150000,,90008000700,,,,4.51E+15,2,0
11/05/2020,19.23.11,4590000000000000,11/05/2020,19.23.11,400,MASTER,5145,Other Marketing,ACQUIRER NAME,300,51000,A,A,A,APPROVED,500,2,0,826,2,826,APPROVED,0,,59,60000,,90006000500,,,,4.59E+15,1,0
11/05/2020,19.23.11,4510000000000000,11/05/2020,19.23.11,400,MASTER,5145,CARD ACCEPTOR,ACQUIRER NAME,350,55000,A,A,A,APPROVED,500,2,0,826,2,826,APPROVED,0,,59,75000,,90006000500,,,,4.51E+15,1,0
5-27-2020,15.42.56,4510000000000000,5-27-2020,15.42.56,0,VISA,5999,CARD ACCEPTOR,ACQUIRER NAME,510,0,D,D,A,CARD INACT,1700,2,0,826,2,826,CARD NOT ACTIVATED,70,,0,0,,50000100000,,,,4.51E+15,1,0
5-27-2020,15.42.56,4510000000000000,5-27-2020,15.42.56,0,MASTER,5999,CARD ACCEPTOR,ACQUIRER NAME,510,0,D,D,A,CARD INACT,1700,2,0,826,2,826,CARD NOT ACTIVATED,70,,0,0,,50000100000,,,,4.51E+15,1,0
5-27-2020,15.12.57,4510000000000000,5-27-2020,15.12.57,400,Rupay,5045,CARD ACCEPTOR,ACQUIRER NAME,100,148300,A,A,A,APPROVED,1700,2,0,826,2,826,APPROVED,0,,59,150000,,90008000700,,,,4.51E+15,1,0
11/05/2020,19.23.11,4590000000000000,11/05/2020,19.23.11,400,MASTER,5145,Other Marketing,ACQUIRER NAME,300,51000,A,A,A,APPROVED,500,2,0,826,2,826,APPROVED,0,,59,60000,,90006000500,,,,4.59E+15,1,0
11/05/2020,19.23.11,4510000000000000,11/05/2020,19.23.11,400,MASTER,5145,CARD ACCEPTOR,ACQUIRER NAME,350,55000,A,A,A,APPROVED,500,2,0,826,2,826,APPROVED,0,,59,75000,,90006000500,,,,4.51E+15,1,0
5-27-2020,15.42.56,4510000000000000,5-27-2020,15.42.56,100,VISA,5999,CARD ACCEPTOR,ACQUIRER NAME,510,0,D,D,A,CARD INACT,1700,2,0,826,2,826,CARD NOT ACTIVATED,70,,0,0,,50000100000,,,,4.51E+15,1,0
5-27-2020,15.42.56,4510000000000000,5-27-2020,15.42.56,0,MASTER,5999,CARD ACCEPTOR,ACQUIRER NAME,510,0,D,D,A,CARD INACT,1700,2,0,826,2,826,CARD NOT ACTIVATED,70,,0,0,,50000100000,,,,4.51E+15,1,0
5-27-2020,15.12.57,4510000000000000,5-27-2020,15.12.57,400,GOLD CREDIT CARD,5045,CARD ACCEPTOR,ACQUIRER NAME,100,148300,A,A,A,APPROVED,1700,2,0,826,2,826,APPROVED,0,,59,150000,,90008000700,,,,4.51E+15,1,0
11/05/2020,19.23.11,4590000000000000,11/05/2020,19.23.11,400,MASTER,5145,CARD ACCEPTOR,ACQUIRER NAME,300,51000,A,A,A,APPROVED,500,2,0,826,2,826,APPROVED,0,,59,60000,,90006000500,,,,4.59E+15,1,0
11/05/2020,19.23.11,4510000000000000,11/05/2020,19.23.11,400,MASTER,5145,CARD ACCEPTOR,ACQUIRER NAME,350,55000,A,A,A,APPROVED,500,2,0,826,2,826,APPROVED,0,,59,75000,,90006000500,,,,4.51E+15,1,0
5-27-2020,15.42.56,4510000000000000,5-27-2020,15.42.56,100,VISA,5999,CARD ACCEPTOR,ACQUIRER NAME,510,0,D,D,A,CARD INACT,1700,2,0,826,2,826,CARD NOT ACTIVATED,70,,0,0,,50000100000,,,,4.51E+15,1,0
5-27-2020,15.42.56,4510000000000000,5-27-2020,15.42.56,0,MASTER,5999,CARD ACCEPTOR,ACQUIRER NAME,510,0,D,D,A,CARD INACT,1700,2,0,826,2,826,CARD NOT ACTIVATED,70,,0,0,,50000100000,,,,4.51E+15,1,0
